Date,Exercise,Category,Weight,Weight Unit,Reps,Distance,Distance Unit,Time,Comment
2024-04-25,Seated Machine Fly,Chest,50.0,kgs,8,,,,""
2024-04-25,Flat Dumbbell Bench Press,Chest,16.0,kgs,12,,,,""
2024-04-25,Seated Dumbbell Press,Shoulders,16.0,kgs,1,,,,""
2024-04-25,Seated Dumbbell Press,Shoulders,10.0,kgs,12,,,,""
2024-04-25,Rope Push Down,Triceps,20.0,kgs,10,,,,""
2024-05-01,Barbell Row,Back,20.0,kgs,15,,,,""
2024-05-01,Barbell Row,Back,45.0,kgs,8,,,,""
2024-05-01,Cable Curl,Biceps,3.75,kgs,12,,,,""
2024-05-01,Barbell Row,Back,47.5,kgs,8,,,,""
2024-05-01,Barbell Row,Back,47.5,kgs,10,,,,""
2024-05-01,Cable Curl,Biceps,8.75,kgs,6,,,,""
2024-05-01,Cable Curl,Biceps,11.25,kgs,4,,,,""
2024-05-01,Cable Curl,Biceps,8.75,kgs,6,,,,""
2024-05-01,Lat Pulldown,Back,27.5,kgs,14,,,,"warm up"
2024-05-01,Lat Pulldown,Back,42.5,kgs,12,,,,""
2024-05-01,Lat Pulldown,Back,50.0,kgs,8,,,,""
2024-05-01,Lat Pulldown,Back,50.0,kgs,8,,,,""
2024-05-03,Seated Dumbbell Press,Shoulders,6.0,kgs,12,,,,""
2024-05-03,Seated Dumbbell Press,Shoulders,12.0,kgs,8,,,,""
2024-05-03,Seated Dumbbell Press,Shoulders,12.0,kgs,9,,,,""
2024-05-03,Seated Dumbbell Press,Shoulders,12.0,kgs,10,,,,""
2024-05-03,Leg Press,Legs,65.0,kgs,12,,,,""
2024-05-03,Leg Press,Legs,80.0,kgs,10,,,,""
2024-05-03,Leg Press,Legs,80.0,kgs,12,,,,""
2024-05-03,Lying Leg Curl Machine,Legs,12.0,kgs,12,,,,""
2024-05-03,Lying Leg Curl Machine,Legs,27.5,kgs,12,,,,""
2024-05-03,Lying Leg Curl Machine,Legs,27.5,kgs,12,,,,""
2024-05-03,Rear Delt Machine Fly,Shoulders,27.5,kgs,12,,,,""
2024-05-03,Rear Delt Machine Fly,Shoulders,32.5,kgs,11,,,,""
2024-05-03,Rear Delt Machine Fly,Shoulders,32.5,kgs,10,,,,""
2024-05-07,Flat Barbell Bench Press,Chest,20.0,kgs,15,,,,""
2024-05-07,Flat Barbell Bench Press,Chest,45.0,kgs,10,,,,""
2024-05-07,Flat Barbell Bench Press,Chest,50.0,kgs,5,,,,""
2024-05-07,Flat Barbell Bench Press,Chest,50.0,kgs,5,,,,""
2024-05-07,V-Bar Push Down,Triceps,10.0,kgs,12,,,,""
2024-05-07,V-Bar Push Down,Triceps,20.0,kgs,12,,,,""
2024-05-07,V-Bar Push Down,Triceps,25.0,kgs,8,,,,""
2024-05-07,V-Bar Push Down,Triceps,25.0,kgs,6,,,,""
2024-05-07,Incline Barbell Bench Press,Chest,20.0,kgs,5,,,,""
2024-05-07,Incline Barbell Bench Press,Chest,40.0,kgs,7,,,,""
2024-05-07,Incline Barbell Bench Press,Chest,45.0,kgs,5,,,,""
2024-05-07,Incline Barbell Bench Press,Chest,45.0,kgs,4,,,,""
2024-05-07,Wrist curl,Forearm,6.0,kgs,12,,,,""
2024-05-07,Wrist curl,Forearm,8.0,kgs,10,,,,""
2024-05-07,Wrist curl,Forearm,8.0,kgs,8,,,,""
2024-05-07,Seated Machine Fly,Chest,50.0,kgs,5,,,,""
2024-05-07,Seated Machine Fly,Chest,50.0,kgs,6,,,,""
2024-05-07,Seated Machine Fly,Chest,50.0,kgs,5,,,,""
2024-05-09,Barbell Row,Back,20.0,kgs,15,,,,""
2024-05-09,Barbell Row,Back,45.0,kgs,10,,,,""
2024-05-09,Barbell Row,Back,50.0,kgs,5,,,,""
2024-05-09,Barbell Row,Back,50.0,kgs,7,,,,""
2024-05-09,Dumbbell Hammer Curl,Biceps,4.0,kgs,15,,,,""
2024-05-09,Dumbbell Hammer Curl,Biceps,8.0,kgs,10,,,,""
2024-05-09,Dumbbell Hammer Curl,Biceps,10.0,kgs,6,,,,""
2024-05-09,Dumbbell Hammer Curl,Biceps,10.0,kgs,4,,,,""
2024-05-09,Lat Pulldown,Back,27.5,kgs,15,,,,""
2024-05-09,Lat Pulldown,Back,50.0,kgs,10,,,,""
2024-05-09,Lat Pulldown,Back,60.0,kgs,6,,,,""
2024-05-09,Lat Pulldown,Back,50.0,kgs,12,,,,""
2024-05-09,EZ-Bar Preacher Curl,Biceps,20.0,kgs,6,,,,""
2024-06-19,Flat Barbell Bench Press,Chest,27.5,kgs,12,,,,""
2024-06-19,Flat Barbell Bench Press,Chest,40.0,kgs,12,,,,""
2024-06-19,Flat Barbell Bench Press,Chest,50.0,kgs,9,,,,""
2024-06-19,Flat Barbell Bench Press,Chest,60.0,kgs,1,,,,""
2024-06-19,Flat Barbell Bench Press,Chest,55.0,kgs,4,,,,""
2024-06-19,Smith Machine Incline,Chest,38.0,kgs,10,,,,""
2024-06-19,Smith Machine Incline,Chest,48.0,kgs,2,,,,""
2024-06-19,Smith Machine Incline,Chest,43.0,kgs,4,,,,""
2024-06-19,Parallel Bar Triceps Dip,Triceps,33.0,kgs,12,,,,""
2024-06-19,Parallel Bar Triceps Dip,Triceps,33.0,kgs,9,,,,""
2024-06-19,Cable Overhead Triceps Extension,Triceps,12.5,kgs,4,,,,""
2024-06-19,Cable Overhead Triceps Extension,Triceps,5.0,kgs,5,,,,""
2024-06-19,Technogym Seated Machine Fly,Chest,15.0,kgs,4,,,,""
2024-06-19,Technogym Seated Machine Fly,Chest,15.0,kgs,4,,,,""
2024-06-19,Technogym Seated Machine Fly,Chest,15.0,kgs,4,,,,""
2024-06-19,V-Bar Push Down,Triceps,15.0,kgs,12,,,,""
2024-06-19,V-Bar Push Down,Triceps,17.5,kgs,9,,,,""
2024-06-19,V-Bar Push Down,Triceps,20.0,kgs,8,,,,""
2024-06-20,T-Bar Row,Back,40.0,kgs,10,,,,""
2024-06-20,T-Bar Row,Back,50.0,kgs,7,,,,""
2024-06-20,T-Bar Row,Back,55.0,kgs,7,,,,""
2024-06-20,T-Bar Row,Back,56.25,kgs,7,,,,""
2024-06-20,Lat Pulldown,Back,50.0,kgs,10,,,,""
2024-06-20,Lat Pulldown,Back,50.0,kgs,8,,,,""
2024-06-20,Lat Pulldown,Back,52.0,kgs,6,,,,""
2024-06-20,Seated Cable Row,Back,35.0,kgs,12,,,,""
2024-06-20,Seated Cable Row,Back,45.0,kgs,8,,,,""
2024-06-20,Chin Up,Back,30.0,kgs,8,,,,""
2024-06-20,Chin Up,Back,37.0,kgs,8,,,,""
2024-06-21,Romanian Deadlift,Legs,30.0,kgs,12,,,,""
2024-06-21,Romanian Deadlift,Legs,70.0,kgs,7,,,,""
2024-06-21,Romanian Deadlift,Legs,70.0,kgs,6,,,,""
2024-06-21,Leg Press,Legs,60.0,kgs,12,,,,""
2024-06-21,Leg Press,Legs,80.0,kgs,12,,,,""
2024-06-21,Leg Press,Legs,110.0,kgs,8,,,,""
2024-06-21,Leg Extension Machine,Legs,37.5,kgs,7,,,,""
2024-06-21,Leg Extension Machine,Legs,40.0,kgs,12,,,,""
2024-06-21,Leg Extension Machine,Legs,50.0,kgs,12,,,,""
2024-06-21,Dumbbell Hammer Curl,Biceps,6.0,kgs,12,,,,""
2024-06-21,Dumbbell Hammer Curl,Biceps,10.0,kgs,10,,,,""
2024-06-21,Dumbbell Hammer Curl,Biceps,12.0,kgs,4,,,,""
2024-06-21,Dumbbell Hammer Curl,Biceps,10.0,kgs,8,,,,""
2024-06-21,EZ-Bar Preacher Curl,Biceps,10.0,kgs,10,,,,""
2024-06-21,EZ-Bar Preacher Curl,Biceps,20.0,kgs,11,,,,""
2024-06-21,EZ-Bar Preacher Curl,Biceps,25.0,kgs,7,,,,""
2024-06-21,EZ-Bar Preacher Curl,Biceps,25.0,kgs,6,,,,""
2024-06-21,Wrist curl,Forearm,6.0,kgs,12,,,,""
2024-06-22,Overhead Press,Shoulders,20.0,kgs,12,,,,""
2024-06-22,Overhead Press,Shoulders,30.0,kgs,6,,,,""
2024-06-22,Overhead Press,Shoulders,30.0,kgs,6,,,,""
2024-06-22,Overhead Press,Shoulders,30.0,kgs,6,,,,""
2024-06-22,cable rear delt,Shoulders,3.75,kgs,11,,,,""
2024-06-22,cable rear delt,Shoulders,5.0,kgs,8,,,,""
2024-06-22,cable rear delt,Shoulders,5.0,kgs,7,,,,""
2024-06-22,Lateral Dumbbell Raise,Shoulders,6.0,kgs,12,,,,""
2024-06-22,Lateral Dumbbell Raise,Shoulders,8.0,kgs,8,,,,""
2024-06-22,Lateral Dumbbell Raise,Shoulders,8.0,kgs,8,,,,""
2024-06-22,shoulder press machine,Shoulders,15.0,kgs,12,,,,""
2024-06-22,shoulder press machine,Shoulders,17.5,kgs,10,,,,""
2024-06-24,Flat Dumbbell Bench Press,Chest,8.0,kgs,12,,,,""
2024-06-24,Flat Dumbbell Bench Press,Chest,14.0,kgs,12,,,,""
2024-06-24,Flat Dumbbell Bench Press,Chest,18.0,kgs,12,,,,""
2024-06-24,Flat Dumbbell Bench Press,Chest,20.0,kgs,6,,,,""
2024-06-26,Overhead Press,Shoulders,20.0,kgs,12,,,,""
2024-06-26,Wrist curl,Forearm,6.0,kgs,12,,,,""
2024-06-26,Overhead Press,Shoulders,40.0,kgs,3,,,,""
2024-06-26,Wrist curl,Forearm,6.0,kgs,12,,,,""
2024-06-26,Overhead Press,Shoulders,35.0,kgs,6,,,,""
2024-06-26,Wrist curl,Forearm,8.0,kgs,12,,,,""
2024-06-26,Overhead Press,Shoulders,30.0,kgs,8,,,,""
2024-06-26,technogym rear delt,Shoulders,10.0,kgs,10,,,,""
2024-06-26,technogym rear delt,Shoulders,10.0,kgs,12,,,,""
2024-06-26,cable rear delt,Shoulders,2.5,kgs,12,,,,""
2024-06-26,cable rear delt,Shoulders,3.75,kgs,12,,,,""
2024-06-26,cable rear delt,Shoulders,5.0,kgs,6,,,,""
2024-06-26,EZ-Bar Preacher Curl,Biceps,10.0,kgs,12,,,,""
2024-06-26,EZ-Bar Preacher Curl,Biceps,25.0,kgs,12,,,,""
2024-06-26,EZ-Bar Preacher Curl,Biceps,30.0,kgs,7,,,,""
2024-06-26,EZ-Bar Preacher Curl,Biceps,30.0,kgs,5,,,,""
2024-06-26,Dumbbell Hammer Curl,Biceps,12.0,kgs,6,,,,""
2024-06-26,Dumbbell Hammer Curl,Biceps,8.0,kgs,12,,,,""
2024-06-26,Dumbbell Hammer Curl,Biceps,10.0,kgs,9,,,,""
2024-06-29,Wrist curl,Forearm,6.0,kgs,12,,,,""
2024-06-29,Wrist curl,Forearm,10.0,kgs,9,,,,""
2024-06-29,Wrist curl,Forearm,10.0,kgs,7,,,,""
2024-06-29,Flat Barbell Bench Press,Chest,50.0,kgs,10,,,,""
2024-06-29,Flat Barbell Bench Press,Chest,55.0,kgs,7,,,,""
2024-06-29,Flat Barbell Bench Press,Chest,57.5,kgs,5,,,,""
2024-06-29,Smith Machine Incline,Chest,30.0,kgs,12,,,,""
2024-06-29,Smith Machine Incline,Chest,58.0,kgs,1,,,,""
2024-06-29,Smith Machine Incline,Chest,43.0,kgs,8,,,,""
2024-06-29,Smith Machine Incline,Chest,48.0,kgs,5,,,,""
2024-06-29,Cable Overhead Triceps Extension,Triceps,5.0,kgs,12,,,,""
2024-06-29,Cable Overhead Triceps Extension,Triceps,12.5,kgs,6,,,,""
2024-06-29,Cable Overhead Triceps Extension,Triceps,12.5,kgs,7,,,,""
2024-06-29,Cable Overhead Triceps Extension,Triceps,12.5,kgs,6,,,,""
2024-06-29,Technogym Seated Machine Fly,Chest,17.5,kgs,7,,,,""
2024-06-29,Technogym Seated Machine Fly,Chest,17.5,kgs,8,,,,""
2024-06-29,Technogym Seated Machine Fly,Chest,20.0,kgs,5,,,,""
2024-06-29,V-Bar Push Down,Triceps,25.0,kgs,6,,,,""
2024-06-29,V-Bar Push Down,Triceps,22.5,kgs,10,,,,""
2024-06-29,V-Bar Push Down,Triceps,22.5,kgs,10,,,,""
2024-06-30,T-Bar Row,Back,45.0,kgs,12,,,,""
2024-06-30,T-Bar Row,Back,55.0,kgs,10,,,,""
2024-06-30,T-Bar Row,Back,65.0,kgs,6,,,,""
2024-06-30,T-Bar Row,Back,55.0,kgs,12,,,,""
2024-06-30,james grip lat pulldown,Back,35.0,kgs,12,,,,""
2024-06-30,james grip lat pulldown,Back,45.0,kgs,13,,,,""
2024-06-30,james grip lat pulldown,Back,55.0,kgs,9,,,,""
2024-06-30,james grip lat pulldown,Back,55.0,kgs,7,,,,""
2024-06-30,Seated Cable Row,Back,45.0,kgs,12,,,,""
2024-06-30,Seated Cable Row,Back,55.0,kgs,5,,,,""
2024-06-30,Seated Cable Row,Back,50.0,kgs,8,,,,""
2024-06-30,Chin Up,Back,50.0,kgs,5,,,,""
2024-06-30,Chin Up,Back,33.0,kgs,11,,,,""
2024-06-30,Chin Up,Back,50.0,kgs,8,,,,""
2024-07-01,Wrist curl,Forearm,10.0,kgs,8,,,,""
2024-07-01,Wrist curl,Forearm,8.0,kgs,12,,,,""
2024-07-01,Wrist curl,Forearm,10.0,kgs,6,,,,""
2024-07-01,Seated Dumbbell Press,Shoulders,8.0,kgs,12,,,,""
2024-07-01,Seated Dumbbell Press,Shoulders,18.0,kgs,10,,,,""
2024-07-01,Seated Dumbbell Press,Shoulders,20.0,kgs,4,,,,""
2024-07-01,Seated Dumbbell Press,Shoulders,18.0,kgs,6,,,,""
2024-07-01,Cable Face Pull,Shoulders,10.0,kgs,24,,,,""
2024-07-01,Cable Face Pull,Shoulders,20.0,kgs,9,,,,""
2024-07-01,Cable Face Pull,Shoulders,17.5,kgs,10,,,,""
2024-07-01,Cable Face Pull,Shoulders,15.0,kgs,11,,,,""
2024-07-01,Lateral Machine Raise,Shoulders,2.5,kgs,12,,,,""
2024-07-01,Lateral Machine Raise,Shoulders,5.0,kgs,8,,,,""
2024-07-01,Lateral Machine Raise,Shoulders,5.0,kgs,8,,,,""
2024-07-01,EZ-Bar Preacher Curl,Biceps,15.0,kgs,12,,,,""
2024-07-01,EZ-Bar Preacher Curl,Biceps,25.0,kgs,12,,,,""
2024-07-01,EZ-Bar Preacher Curl,Biceps,30.0,kgs,6,,,,""
2024-07-01,EZ-Bar Preacher Curl,Biceps,30.0,kgs,5,,,,""
2024-07-04,Flat Barbell Bench Press,Chest,50.0,kgs,1,,,,""
2024-07-04,Flat Barbell Bench Press,Chest,60.0,kgs,1,,,,""
2024-07-04,Flat Barbell Bench Press,Chest,65.0,kgs,1,,,,""
2024-07-07,Barbell Row,Back,40.0,kgs,12,,,,""
2024-07-07,Barbell Row,Back,50.0,kgs,8,,,,""
2024-07-07,Barbell Row,Back,55.0,kgs,7,,,,""
2024-07-07,Seated Cable Row,Back,55.0,kgs,8,,,,""
2024-07-07,Seated Cable Row,Back,60.0,kgs,5,,,,""
2024-07-07,Seated Cable Row,Back,55.0,kgs,7,,,,""
2024-07-07,Chin Up,Back,42.0,kgs,9,,,,""
2024-07-07,james grip lat pulldown,Back,30.0,kgs,12,,,,""
2024-07-07,james grip lat pulldown,Back,45.0,kgs,12,,,,""
2024-07-07,james grip lat pulldown,Back,55.0,kgs,7,,,,""
2024-07-07,james grip lat pulldown,Back,60.0,kgs,9,,,,""
2024-07-07,Chin Up,Back,42.0,kgs,12,,,,""
2024-07-07,Chin Up,Back,49.0,kgs,6,,,,""
2024-07-08,Smith machine flat bench,Chest,10.0,kgs,12,,,,""
2024-07-08,Smith machine flat bench,Chest,30.0,kgs,12,,,,""
2024-07-08,Smith machine flat bench,Chest,40.0,kgs,10,,,,""
2024-07-08,Smith machine flat bench,Chest,45.0,kgs,8,,,,""
2024-07-08,Incline Dumbbell Bench Press,Chest,12.0,kgs,12,,,,"barely lol"
2024-07-08,Incline Dumbbell Bench Press,Chest,14.0,kgs,9,,,,""
2024-07-08,V-Bar Push Down,Triceps,10.0,kgs,12,,,,""
2024-07-08,V-Bar Push Down,Triceps,22.5,kgs,12,,,,""
2024-07-08,V-Bar Push Down,Triceps,27.5,kgs,7,,,,""
2024-07-08,V-Bar Push Down,Triceps,25.0,kgs,9,,,,""
2024-07-08,Technogym Seated Machine Fly,Chest,20.0,kgs,7,,,,""
2024-07-08,Technogym Seated Machine Fly,Chest,20.0,kgs,6,,,,""
2024-07-08,Technogym Seated Machine Fly,Chest,20.0,kgs,6,,,,""
2024-07-08,Parallel Bar Triceps Dip,Triceps,35.0,kgs,8,,,,""
2024-07-08,Incline Dumbbell Bench Press,Chest,14.0,kgs,7,,,,""
2024-07-09,Leg Press,Legs,70.0,kgs,12,,,,""
2024-07-09,Leg Press,Legs,110.0,kgs,5,,,,""
2024-07-09,Leg Press,Legs,120.0,kgs,5,,,,""
2024-07-09,Leg Press,Legs,120.0,kgs,5,,,,""
2024-07-10,Overhead Press,Shoulders,20.0,kgs,12,,,,""
2024-07-10,Overhead Press,Shoulders,40.0,kgs,4,,,,""
2024-07-10,Overhead Press,Shoulders,37.5,kgs,5,,,,""
2024-07-10,Overhead Press,Shoulders,37.5,kgs,5,,,,""
2024-07-10,cable rear delt,Shoulders,3.75,kgs,12,,,,""
2024-07-10,cable rear delt,Shoulders,5.0,kgs,10,,,,""
2024-07-10,cable rear delt,Shoulders,7.5,kgs,5,,,,""
2024-07-10,cable rear delt,Shoulders,5.0,kgs,7,,,,""
2024-07-10,Dumbbell Hammer Curl,Biceps,6.0,kgs,12,,,,""
2024-07-10,Dumbbell Hammer Curl,Biceps,12.0,kgs,10,,,,""
2024-07-10,Dumbbell Hammer Curl,Biceps,14.0,kgs,8,,,,""
2024-07-10,Dumbbell Hammer Curl,Biceps,16.0,kgs,3,,,,""
2024-07-10,Lateral Dumbbell Raise,Shoulders,8.0,kgs,12,,,,""
2024-07-10,Lateral Dumbbell Raise,Shoulders,10.0,kgs,9,,,,""
2024-07-10,Lateral Dumbbell Raise,Shoulders,10.0,kgs,9,,,,""
2024-07-10,Wrist curl,Forearm,10.0,kgs,9,,,,""
2024-07-10,EZ-Bar Preacher Curl,Biceps,30.0,kgs,7,,,,""
2024-07-15,T-Bar Row,Back,45.0,kgs,12,,,,""
2024-07-15,Wrist curl,Forearm,10.0,kgs,12,,,,""
2024-07-15,T-Bar Row,Back,60.0,kgs,10,,,,""
2024-07-15,T-Bar Row,Back,70.0,kgs,7,,,,""
2024-07-15,T-Bar Row,Back,70.0,kgs,9,,,,""
2024-07-15,Lat Pulldown,Back,35.0,kgs,12,,,,""
2024-07-15,Lat Pulldown,Back,60.0,kgs,8,,,,""
2024-07-15,james grip lat pulldown,Back,70.0,kgs,7,,,,""
2024-07-15,james grip lat pulldown,Back,65.0,kgs,10,,,,""
2024-07-15,low row,Back,55.0,kgs,12,,,,"barely"
2024-07-15,low row,Back,62.5,kgs,11,,,,""
2024-07-15,low row,Back,65.0,kgs,11,,,,""
2024-07-15,Chin Up,Back,42.0,kgs,12,,,,""
2024-07-15,Pull Up,Back,42.0,kgs,12,,,,""
2024-07-15,Pull Up,Back,49.0,kgs,10,,,,""
2024-07-15,Pull Up,Back,57.0,kgs,4,,,,""
2024-07-17,Smith machine flat bench,Chest,55.0,kgs,9,,,,""
2024-07-17,Smith machine flat bench,Chest,55.0,kgs,5,,,,""
2024-07-17,Incline Dumbbell Bench Press,Chest,14.0,kgs,12,,,,""
2024-07-17,Incline Dumbbell Bench Press,Chest,18.0,kgs,11,,,,""
2024-07-17,Incline Dumbbell Bench Press,Chest,18.0,kgs,6,,,,""
2024-07-17,V-Bar Push Down,Triceps,25.0,kgs,6,,,,""
2024-07-17,V-Bar Push Down,Triceps,20.0,kgs,12,,,,""
2024-07-17,Cable Pec Fly,Chest,10.0,kgs,7,,,,""
2024-07-17,Cable Pec Fly,Chest,10.0,kgs,6,,,,""
2024-08-01,Smith Machine Incline,Chest,40.0,kgs,12,,,,""
2024-08-01,Smith Machine Incline,Chest,50.0,kgs,8,,,,""
2024-08-01,Smith Machine Incline,Chest,50.0,kgs,3,,,,""
2024-08-01,Smith Machine Incline,Chest,20.0,kgs,8,,,,""
2024-08-01,V-Bar Push Down,Triceps,7.5,kgs,12,,,,""
2024-08-01,V-Bar Push Down,Triceps,25.0,kgs,11,,,,""
2024-08-01,V-Bar Push Down,Triceps,27.5,kgs,6,,,,""
2024-08-01,V-Bar Push Down,Triceps,25.0,kgs,13,,,,""
2024-08-01,Parallel Bar Triceps Dip,Triceps,49.0,kgs,8,,,,""
2024-08-01,Parallel Bar Triceps Dip,Triceps,49.0,kgs,8,,,,""
2024-08-01,Technogym Seated Machine Fly,Chest,20.0,kgs,6,,,,""
2024-08-01,Technogym Seated Machine Fly,Chest,17.5,kgs,9,,,,""
2024-08-01,Technogym Seated Machine Fly,Chest,17.5,kgs,5,,,,"wahalli I'm finished"
2024-08-02,T-Bar Row,Back,30.0,kgs,12,,,,""
2024-08-02,T-Bar Row,Back,50.0,kgs,12,,,,""
2024-08-02,T-Bar Row,Back,60.0,kgs,9,,,,""
2024-08-02,T-Bar Row,Back,60.0,kgs,7,,,,"my fingers :("
2024-08-02,james grip lat pulldown,Back,50.0,kgs,12,,,,""
2024-08-02,james grip lat pulldown,Back,60.0,kgs,7,,,,""
2024-08-02,james grip lat pulldown,Back,70.0,kgs,3,,,,""
2024-08-02,james grip lat pulldown,Back,55.0,kgs,10,,,,""
2024-08-02,Seated Cable Row,Back,60.0,kgs,6,,,,""
2024-08-02,Seated Cable Row,Back,60.0,kgs,7,,,,""
2024-08-02,Seated Cable Row,Back,65.0,kgs,5,,,,""
2024-08-02,Pull Up,Back,49.0,kgs,6,,,,""
2024-08-02,Pull Up,Back,49.0,kgs,6,,,,""
2024-08-02,Pull Up,Back,49.0,kgs,8,,,,""
2024-08-03,Close Grip Barbell Bench Press,Triceps,40.0,kgs,7,,,,""
2024-08-03,Close Grip Barbell Bench Press,Triceps,40.0,kgs,9,,,,""
2024-08-03,Close Grip Barbell Bench Press,Triceps,45.0,kgs,7,,,,""
2024-08-03,EZ-Bar Preacher Curl,Biceps,20.0,kgs,12,,,,""
2024-08-03,EZ-Bar Preacher Curl,Biceps,25.0,kgs,9,,,,""
2024-08-03,EZ-Bar Preacher Curl,Biceps,30.0,kgs,5,,,,""
2024-08-03,EZ-Bar Preacher Curl,Biceps,25.0,kgs,6,,,,""
2024-08-03,Cable Overhead Triceps Extension,Triceps,10.0,kgs,12,,,,""
2024-08-03,Cable Overhead Triceps Extension,Triceps,15.0,kgs,9,,,,""
2024-08-03,Cable Overhead Triceps Extension,Triceps,17.5,kgs,6,,,,""
2024-08-03,Bicep Chin up,Biceps,50.0,kgs,12,,,,""
2024-08-04,climbing(B),Back,0.1,kgs,1,,,,""
2024-08-09,Flat Barbell Bench Press,Chest,20.0,kgs,12,,,,""
2024-08-09,Flat Barbell Bench Press,Chest,50.0,kgs,6,,,,""
2024-08-09,Flat Barbell Bench Press,Chest,50.0,kgs,7,,,,""
2024-08-09,Flat Barbell Bench Press,Chest,50.0,kgs,10,,,,""
2024-08-09,Flat Barbell Bench Press,Chest,55.0,kgs,6,,,,""
2024-08-09,Incline Dumbbell Bench Press,Chest,8.0,kgs,12,,,,""
2024-08-09,Incline Dumbbell Bench Press,Chest,20.0,kgs,3,,,,""
2024-08-09,Incline Dumbbell Bench Press,Chest,20.0,kgs,5,,,,""
2024-08-09,Incline Dumbbell Bench Press,Chest,20.0,kgs,6,,,,""
2024-08-09,Smith Machine Close Grip Bench Press,Triceps,45.5,kgs,6,,,,""
2024-08-09,Smith Machine Close Grip Bench Press,Triceps,45.5,kgs,6,,,,""
2024-08-09,Smith Machine Close Grip Bench Press,Triceps,48.0,kgs,5,,,,""
2024-08-09,Cable Pec Fly,Chest,10.0,kgs,7,,,,""
2024-08-09,Cable Pec Fly,Chest,12.5,kgs,5,,,,""
2024-08-09,Cable Pec Fly,Chest,10.0,kgs,6,,,,""
2024-08-09,Cable Overhead Triceps Extension,Triceps,7.5,kgs,12,,,,""
2024-08-09,Cable Overhead Triceps Extension,Triceps,12.5,kgs,9,,,,""
2024-08-09,Cable Overhead Triceps Extension,Triceps,12.5,kgs,7,,,,""
2024-08-16,Overhead Press,Shoulders,20.0,kgs,6,,,,""
2024-08-16,Overhead Press,Shoulders,30.0,kgs,8,,,,""
2024-08-16,Overhead Press,Shoulders,30.0,kgs,9,,,,""
2024-08-16,Overhead Press,Shoulders,30.0,kgs,6,,,,""
2024-08-16,technogym rear delt,Shoulders,10.0,kgs,12,,,,""
2024-08-16,technogym rear delt,Shoulders,15.0,kgs,9,,,,""
2024-08-16,technogym rear delt,Shoulders,15.0,kgs,7,,,,""
2024-08-16,Seated Dumbbell Lateral Raise,Shoulders,4.0,kgs,12,,,,""
2024-08-16,Seated Dumbbell Lateral Raise,Shoulders,6.0,kgs,10,,,,""
2024-08-16,Seated Dumbbell Lateral Raise,Shoulders,6.0,kgs,10,,,,""
2024-08-23,Barbell Row,Back,20.0,kgs,12,,,,""
2024-08-23,Barbell Row,Back,50.0,kgs,12,,,,""
2024-08-23,Barbell Row,Back,60.0,kgs,9,,,,""
2024-08-23,Barbell Row,Back,65.0,kgs,8,,,,""
2024-08-23,Lat Pulldown,Back,60.0,kgs,7,,,,""
2024-08-23,Lat Pulldown,Back,60.0,kgs,9,,,,""
2024-08-23,Lat Pulldown,Back,65.0,kgs,6,,,,""
2024-08-23,Seated Cable Row,Back,60.0,kgs,8,,,,""
2024-08-23,Seated Cable Row,Back,65.0,kgs,6,,,,""
2024-08-23,Seated Cable Row,Back,60.0,kgs,8,,,,""
2024-08-23,Pull Up,Back,57.0,kgs,6,,,,""
2024-08-23,Pull Up,Back,57.0,kgs,7,,,,""
2024-08-24,Dumbbell Hammer Curl,Biceps,14.0,kgs,6,,,,""
2024-08-24,Dumbbell Hammer Curl,Biceps,14.0,kgs,8,,,,""
2024-08-24,Dumbbell Hammer Curl,Biceps,14.0,kgs,5,,,,""
2024-08-24,V-Bar Push Down,Triceps,27.5,kgs,10,,,,""
2024-08-24,V-Bar Push Down,Triceps,27.5,kgs,9,,,,""
2024-08-24,V-Bar Push Down,Triceps,30.0,kgs,7,,,,""
2024-08-24,Cable Overhead Triceps Extension,Triceps,12.5,kgs,10,,,,""
2024-08-24,Cable Overhead Triceps Extension,Triceps,15.0,kgs,6,,,,""
2024-08-24,Cable Overhead Triceps Extension,Triceps,12.5,kgs,7,,,,""
2024-08-24,EZ-Bar Preacher Curl,Biceps,25.0,kgs,7,,,,""
2024-08-24,EZ-Bar Preacher Curl,Biceps,27.5,kgs,7,,,,""
2024-08-24,EZ-Bar Preacher Curl,Biceps,27.5,kgs,5,,,,""
2024-08-27,Parallel Bar Triceps Dip,Triceps,49.0,kgs,7,,,,""
2024-08-27,Flat Barbell Bench Press,Chest,60.0,kgs,5,,,,""
2024-08-27,Flat Barbell Bench Press,Chest,55.0,kgs,7,,,,""
2024-08-27,smith machine overhead,Shoulders,40.0,kgs,7,,,,""
2024-08-27,smith machine overhead,Shoulders,40.0,kgs,5,,,,""
2024-08-27,smith machine overhead,Shoulders,40.0,kgs,5,,,,""
2024-08-27,EZ-Bar Preacher Curl,Biceps,30.0,kgs,8,,,,""
2024-08-27,EZ-Bar Preacher Curl,Biceps,32.5,kgs,5,,,,""
2024-08-27,EZ-Bar Preacher Curl,Biceps,32.5,kgs,3,,,,""
2024-08-27,Plate Loaded Chest Press,Chest,48.0,kgs,8,,,,""
2024-08-27,Plate Loaded Chest Press,Chest,48.0,kgs,6,,,,""
2024-08-27,Standing hammer curl,Biceps,14.0,kgs,7,,,,""
2024-08-29,Lat Pulldown,Back,60.0,kgs,8,,,,""
2024-08-29,Lat Pulldown,Back,60.0,kgs,10,,,,""
2024-08-29,Lat Pulldown,Back,65.0,kgs,6,,,,""
2024-08-29,T-Bar Row,Back,35.0,kgs,12,,,,""
2024-08-29,T-Bar Row,Back,60.0,kgs,6,,,,""
2024-08-29,T-Bar Row,Back,60.0,kgs,12,,,,""
2024-08-29,T-Bar Row,Back,70.0,kgs,6,,,,""
2024-08-29,Cable Overhead Triceps Extension,Triceps,15.0,kgs,7,,,,""
2024-08-29,Cable Overhead Triceps Extension,Triceps,15.0,kgs,8,,,,""
2024-08-29,Cable Overhead Triceps Extension,Triceps,15.0,kgs,6,,,,""
2024-08-29,Seated Cable Row,Back,60.0,kgs,6,,,,""
2024-08-29,Seated Cable Row,Back,60.0,kgs,7,,,,""
2024-08-29,Seated Cable Row,Back,60.0,kgs,7,,,,""
2024-08-29,cable rear delt,Shoulders,5.0,kgs,9,,,,""
2024-08-29,cable rear delt,Shoulders,7.5,kgs,4,,,,""
2024-08-29,cable rear delt,Shoulders,5.0,kgs,7,,,,""
2024-08-29,V-Bar Push Down,Triceps,30.0,kgs,8,,,,""
2024-08-29,V-Bar Push Down,Triceps,30.0,kgs,6,,,,""
2024-08-29,V-Bar Push Down,Triceps,20.0,kgs,10,,,,""
2024-08-29,Pull Up,Back,57.0,kgs,5,,,,""
2024-08-29,Pull Up,Back,57.0,kgs,6,,,,""
2024-08-29,Pull Up,Back,51.0,kgs,6,,,,""
2024-08-29,Lateral Dumbbell Raise,Shoulders,8.0,kgs,9,,,,""
2024-08-29,Lateral Dumbbell Raise,Shoulders,8.0,kgs,9,,,,""
2024-08-29,Lateral Dumbbell Raise,Shoulders,8.0,kgs,8,,,,""
2024-08-30,Flat Barbell Bench Press,Chest,50.0,kgs,6,,,,""
2024-08-30,Flat Barbell Bench Press,Chest,50.0,kgs,8,,,,""
2024-08-30,Flat Barbell Bench Press,Chest,50.0,kgs,6,,,,""
2024-08-30,Incline Dumbbell Bench Press,Chest,20.0,kgs,6,,,,""
2024-08-30,Incline Dumbbell Bench Press,Chest,20.0,kgs,5,,,,""
2024-08-30,Incline Dumbbell Bench Press,Chest,20.0,kgs,5,,,,""
2024-08-30,Overhead Press,Shoulders,20.0,kgs,8,,,,""
2024-08-30,Overhead Press,Shoulders,30.0,kgs,6,,,,""
2024-08-30,Technogym Seated Machine Fly,Chest,17.5,kgs,5,,,,""
2024-08-30,Technogym Seated Machine Fly,Chest,17.5,kgs,7,,,,""
2024-08-30,Technogym Seated Machine Fly,Chest,17.5,kgs,7,,,,""
2024-09-03,Barbell Curl,Biceps,25.0,kgs,8,,,,""
2024-09-03,Barbell Curl,Biceps,30.0,kgs,4,,,,""
2024-09-03,Barbell Curl,Biceps,25.0,kgs,7,,,,""
2024-09-03,Cable Overhead Triceps Extension,Triceps,15.0,kgs,7,,,,""
2024-09-03,Cable Overhead Triceps Extension,Triceps,17.5,kgs,8,,,,""
2024-09-03,Cable Overhead Triceps Extension,Triceps,17.5,kgs,5,,,,""
2024-09-03,Dumbbell Hammer Curl,Biceps,14.0,kgs,8,,,,""
2024-09-03,Dumbbell Hammer Curl,Biceps,14.0,kgs,9,,,,""
2024-09-03,V-Bar Push Down,Triceps,30.0,kgs,10,,,,""
2024-09-03,V-Bar Push Down,Triceps,32.5,kgs,6,,,,""
2024-10-04,Plate Loaded Chest Press,Chest,20.0,kgs,12,,,,""
2024-10-04,Plate Loaded Chest Press,Chest,40.0,kgs,10,,,,""
2024-10-04,Plate Loaded Chest Press,Chest,40.0,kgs,9,,,,""
2024-10-04,Seated Machine Fly,Chest,50.0,kgs,8,,,,""
2024-10-04,Seated Machine Fly,Chest,59.0,kgs,7,,,,""
2024-10-04,Seated Machine Fly,Chest,59.0,kgs,9,,,,""
2024-10-04,V-bar gym group,Triceps,21.0,kgs,10,,,,""
2024-10-04,V-bar gym group,Triceps,26.0,kgs,8,,,,""
2024-10-04,V-bar gym group,Triceps,26.0,kgs,5,,,,""
2024-10-05,T-Bar Row,Back,40.0,kgs,12,,,,""
2024-10-05,T-Bar Row,Back,60.0,kgs,12,,,,""
2024-10-05,T-Bar Row,Back,70.0,kgs,12,,,,""
2024-10-05,T-Bar Row,Back,80.0,kgs,6,,,,"too heavy"
2024-10-05,Lat Pulldown,Back,29.0,kgs,12,,,,""
2024-10-05,Lat Pulldown,Back,59.0,kgs,6,,,,"too heavy"
2024-10-05,Lat Pulldown,Back,52.0,kgs,8,,,,""
2024-10-05,Lat Pulldown,Back,52.0,kgs,8,,,,""
2024-10-05,Seated Cable Row,Back,52.0,kgs,6,,,,""
2024-10-05,Seated Cable Row,Back,52.0,kgs,6,,,,""
2024-10-05,Seated Cable Row,Back,52.0,kgs,5,,,,""
2024-10-06,Overhead Press,Shoulders,35.0,kgs,4,,,,""
2024-10-06,Overhead Press,Shoulders,30.0,kgs,7,,,,""
2024-10-06,Overhead Press,Shoulders,30.0,kgs,5,,,,""
2024-10-07,Seated Dumbbell Lateral Raise,Shoulders,8.0,kgs,5,,,,""
2024-10-07,Seated Dumbbell Lateral Raise,Shoulders,8.0,kgs,7,,,,""
2024-10-07,Seated Dumbbell Lateral Raise,Shoulders,8.0,kgs,7,,,,""
2024-10-07,EZ-Bar Preacher Curl,Biceps,15.0,kgs,12,,,,""
2024-10-07,EZ-Bar Preacher Curl,Biceps,25.0,kgs,7,,,,""
2024-10-07,EZ-Bar Preacher Curl,Biceps,25.0,kgs,6,,,,""
2024-10-07,EZ-Bar Preacher Curl,Biceps,25.0,kgs,6,,,,""
2024-10-07,Rear Delt Machine Fly,Shoulders,32.0,kgs,12,,,,"warm up"
2024-10-07,Rear Delt Machine Fly,Shoulders,45.0,kgs,6,,,,""
2024-10-07,Rear Delt Machine Fly,Shoulders,45.0,kgs,6,,,,""
2024-10-07,Dumbbell Hammer Curl,Biceps,8.0,kgs,12,,,,""
2024-10-07,Dumbbell Hammer Curl,Biceps,12.0,kgs,6,,,,""
2024-10-07,Dumbbell Hammer Curl,Biceps,12.0,kgs,5,,,,""
2024-10-11,T-Bar Row,Back,70.0,kgs,12,,,,""
2024-10-11,T-Bar Row,Back,75.0,kgs,8,,,,""
2024-10-11,T-Bar Row,Back,75.0,kgs,4,,,,"hand hurts :("
2024-10-11,Lat Pulldown,Back,59.0,kgs,7,,,,""
2024-10-11,Lat Pulldown,Back,59.0,kgs,7,,,,""
2024-10-11,Lat Pulldown,Back,59.0,kgs,8,,,,""
2024-10-11,Seated Cable Row,Back,52.0,kgs,8,,,,""
2024-10-11,Seated Cable Row,Back,52.0,kgs,6,,,,""
2024-10-11,Seated Cable Row,Back,52.0,kgs,6,,,,""
2024-10-11,Pull Up,Back,57.0,kgs,3,,,,""
2024-10-11,Pull Up,Back,52.0,kgs,6,,,,""
2024-10-14,Flat Dumbbell Bench Press,Chest,8.0,kgs,12,,,,""
2024-10-14,Flat Dumbbell Bench Press,Chest,16.0,kgs,7,,,,""
2024-10-14,Flat Dumbbell Bench Press,Chest,16.0,kgs,11,,,,""
2024-10-14,Flat Dumbbell Bench Press,Chest,16.0,kgs,7,,,,""
2024-10-14,Cable Overhead Triceps Extension,Triceps,5.0,kgs,9,,,,""
2024-10-14,Cable Overhead Triceps Extension,Triceps,10.0,kgs,7,,,,""
2024-10-14,Cable Overhead Triceps Extension,Triceps,10.0,kgs,9,,,,""
2024-10-14,Seated Machine Fly,Chest,59.0,kgs,7,,,,""
2024-10-14,Seated Machine Fly,Chest,59.0,kgs,7,,,,""
2024-10-14,Lying Leg Curl Machine,Legs,15.0,kgs,12,,,,""
2024-10-14,Lying Leg Curl Machine,Legs,20.0,kgs,8,,,,""
2024-10-14,Lying Leg Curl Machine,Legs,20.0,kgs,8,,,,""
2024-10-14,light v bar,Triceps,27.0,kgs,12,,,,""
2024-10-14,light v bar,Triceps,37.0,kgs,11,,,,""
2024-10-14,light v bar,Triceps,37.0,kgs,9,,,,""
2024-10-16,Overhead Press,Shoulders,20.0,kgs,12,,,,""
2024-10-16,Overhead Press,Shoulders,35.0,kgs,9,,,,""
2024-10-16,Overhead Press,Shoulders,35.0,kgs,4,,,,""
2024-10-16,Overhead Press,Shoulders,35.0,kgs,2,,,,""
2024-10-16,Seated Dumbbell Lateral Raise,Shoulders,8.0,kgs,9,,,,""
2024-10-16,Dumbbell Hammer Curl,Biceps,8.0,kgs,12,,,,""
2024-10-16,Seated Dumbbell Lateral Raise,Shoulders,8.0,kgs,8,,,,""
2024-10-16,Dumbbell Hammer Curl,Biceps,16.0,kgs,3,,,,""
2024-10-16,Seated Dumbbell Lateral Raise,Shoulders,8.0,kgs,5,,,,""
2024-10-16,Dumbbell Hammer Curl,Biceps,12.0,kgs,9,,,,""
2024-10-16,Rear Delt Machine Fly,Shoulders,32.0,kgs,12,,,,""
2024-10-16,Rear Delt Machine Fly,Shoulders,39.0,kgs,12,,,,""
2024-10-16,Rear Delt Machine Fly,Shoulders,39.0,kgs,10,,,,""
2024-10-16,Calf Press,Legs,25.0,kgs,12,,,,""
2024-10-16,Calf Press,Legs,25.0,kgs,12,,,,""
2024-10-16,Seated Machine Curl,Biceps,27.0,kgs,9,,,,""
2024-10-16,Seated Machine Curl,Biceps,27.0,kgs,6,,,,""
2024-10-18,Flat Barbell Bench Press,Chest,30.0,kgs,12,,,,""
2024-10-18,Flat Barbell Bench Press,Chest,50.0,kgs,6,,,,""
2024-10-18,Flat Barbell Bench Press,Chest,50.0,kgs,6,,,,""
2024-10-18,Flat Barbell Bench Press,Chest,50.0,kgs,5,,,,""
2024-10-18,V-bar gym group,Triceps,7.5,kgs,12,,,,""
2024-10-18,V-bar gym group,Triceps,21.6,kgs,10,,,,""
2024-10-18,V-bar gym group,Triceps,23.8,kgs,9,,,,""
2024-10-18,V-bar gym group,Triceps,23.8,kgs,5,,,,""
2024-10-18,Incline Dumbbell Bench Press,Chest,18.0,kgs,8,,,,""
2024-10-18,Incline Dumbbell Bench Press,Chest,18.0,kgs,5,,,,""
2024-10-18,Incline Dumbbell Bench Press,Chest,18.0,kgs,5,,,,""
2024-10-18,Cable Overhead Triceps Extension,Triceps,10.0,kgs,9,,,,""
2024-10-18,Cable Overhead Triceps Extension,Triceps,10.0,kgs,8,,,,""
2024-10-18,Cable Overhead Triceps Extension,Triceps,10.0,kgs,7,,,,""
2024-10-18,Leg Extension Machine,Legs,14.5,kgs,12,,,,""
2024-10-18,Leg Extension Machine,Legs,14.5,kgs,12,,,,""
2024-10-18,Leg Extension Machine,Legs,23.0,kgs,10,,,,""
2024-10-18,Seated Machine Fly,Chest,59.0,kgs,8,,,,""
2024-10-18,Seated Machine Fly,Chest,59.0,kgs,6,,,,""
2024-10-18,Seated Machine Fly,Chest,59.0,kgs,5,,,,""
2024-10-22,T-Bar Row,Back,70.0,kgs,9,,,,""
2024-10-22,T-Bar Row,Back,70.0,kgs,10,,,,""
2024-10-22,T-Bar Row,Back,70.0,kgs,8,,,,""
2024-10-22,Lat Pulldown,Back,52.0,kgs,6,,,,""
2024-10-22,Lat Pulldown,Back,45.0,kgs,10,,,,""
2024-10-22,Lat Pulldown,Back,45.0,kgs,7,,,,"ran out of juice"
2024-11-10,Flat Dumbbell Bench Press,Chest,8.0,kgs,12,,,,""
2024-11-10,Flat Dumbbell Bench Press,Chest,16.0,kgs,8,,,,""
2024-11-10,Flat Dumbbell Bench Press,Chest,16.0,kgs,10,,,,""
2024-11-10,Flat Dumbbell Bench Press,Chest,16.0,kgs,7,,,,""
2024-11-10,Cable Overhead Triceps Extension,Triceps,5.0,kgs,12,,,,""
2024-11-10,Cable Overhead Triceps Extension,Triceps,10.0,kgs,8,,,,""
2024-11-10,Cable Overhead Triceps Extension,Triceps,10.0,kgs,7,,,,""
2024-11-10,Cable Overhead Triceps Extension,Triceps,10.0,kgs,5,,,,""
2024-11-10,Incline Dumbbell Bench Press,Chest,14.0,kgs,5,,,,""
2024-11-14,Barbell Row,Back,20.0,kgs,12,,,,""
2024-11-14,Barbell Row,Back,50.0,kgs,7,,,,""
2024-11-14,Barbell Row,Back,40.0,kgs,10,,,,""
2024-11-14,Barbell Row,Back,40.0,kgs,11,,,,""
2024-11-14,Dumbbell Hammer Curl,Biceps,8.0,kgs,12,,,,""
2024-11-14,Dumbbell Hammer Curl,Biceps,12.0,kgs,6,,,,""
2024-11-14,Dumbbell Hammer Curl,Biceps,12.0,kgs,6,,,,""
2024-11-14,Seated Cable Row,Back,39.0,kgs,10,,,,""
2024-11-14,Seated Cable Row,Back,39.0,kgs,8,,,,""
2024-11-14,Seated Cable Row,Back,39.0,kgs,8,,,,""
2024-11-14,Lat Pulldown,Back,47.3,kgs,7,,,,""
2024-11-14,Lat Pulldown,Back,47.3,kgs,7,,,,""
2024-11-14,Lat Pulldown,Back,47.3,kgs,9,,,,""
2024-11-14,EZ-Bar Preacher Curl,Biceps,15.0,kgs,12,,,,""
2024-11-14,EZ-Bar Preacher Curl,Biceps,17.5,kgs,7,,,,""
2024-11-15,Overhead Press,Shoulders,20.0,kgs,12,,,,""
2024-11-15,Overhead Press,Shoulders,35.0,kgs,5,,,,""
2024-11-15,Overhead Press,Shoulders,30.0,kgs,7,,,,""
2024-11-15,Lateral Machine Raise,Shoulders,3.4,kgs,10,,,,"different from other places   12 on left 10 on right, balance for right"
2024-11-15,Lateral Machine Raise,Shoulders,3.4,kgs,9,,,,""
2024-11-15,Lateral Machine Raise,Shoulders,3.4,kgs,8,,,,""
2024-11-15,Cable Face Pull,Shoulders,14.0,kgs,12,,,,""
2024-11-15,Cable Face Pull,Shoulders,23.0,kgs,12,,,,""
2024-11-15,Cable Face Pull,Shoulders,27.0,kgs,11,,,,""
2024-11-16,Flat Dumbbell Bench Press,Chest,6.0,kgs,12,,,,""
2024-11-16,Flat Dumbbell Bench Press,Chest,16.0,kgs,9,,,,""
2024-11-16,Flat Dumbbell Bench Press,Chest,16.0,kgs,12,,,,""
2024-11-16,Flat Dumbbell Bench Press,Chest,20.0,kgs,9,,,,""
2024-11-16,V-Bar Push Down,Triceps,32.0,kgs,12,,,,"dedicated pushdown machine"
2024-11-16,V-Bar Push Down,Triceps,41.0,kgs,11,,,,""
2024-11-16,V-Bar Push Down,Triceps,41.0,kgs,8,,,,""
2024-11-16,V-Bar Push Down,Triceps,41.0,kgs,5,,,,""
2024-11-16,Seated Machine Fly,Chest,59.0,kgs,6,,,,""
2024-11-16,Seated Machine Fly,Chest,59.0,kgs,3,,,,""
2024-11-16,Seated Machine Fly,Chest,59.0,kgs,5,,,,""
2024-11-16,Cable Overhead Triceps Extension,Triceps,10.0,kgs,12,,,,""
2024-11-16,Cable Overhead Triceps Extension,Triceps,15.0,kgs,4,,,,""
2024-11-16,Cable Overhead Triceps Extension,Triceps,12.5,kgs,6,,,,""
2024-11-17,Barbell Row,Back,20.0,kgs,12,,,,""
2024-11-17,Barbell Row,Back,50.0,kgs,6,,,,""
2024-11-17,Barbell Row,Back,50.0,kgs,8,,,,""
2024-11-17,Barbell Row,Back,50.0,kgs,7,,,,""
2024-11-17,Lat Pulldown,Back,47.3,kgs,12,,,,"barely"
2024-11-17,Lat Pulldown,Back,52.0,kgs,10,,,,""
2024-11-17,Lat Pulldown,Back,52.0,kgs,8,,,,""
2024-11-17,Seated Cable Row,Back,52.0,kgs,5,,,,""
2024-11-17,Seated Cable Row,Back,52.0,kgs,10,,,,""
2024-11-17,Seated Cable Row,Back,52.0,kgs,7,,,,""
2024-11-18,Lateral Machine Raise,Shoulders,3.4,kgs,7,,,,""
2024-11-18,Lateral Machine Raise,Shoulders,3.4,kgs,12,,,,""
2024-11-18,Lateral Machine Raise,Shoulders,5.7,kgs,5,,,,""
2024-11-18,Seated Dumbbell Press,Shoulders,18.0,kgs,5,,,,""
2024-11-18,Seated Dumbbell Press,Shoulders,18.0,kgs,5,,,,""
2024-12-15,Barbell Row,Back,20.0,kgs,12,,,,""
2024-12-15,Barbell Row,Back,40.0,kgs,12,,,,""
2024-12-15,Barbell Row,Back,50.0,kgs,6,,,,""
2024-12-15,Barbell Row,Back,40.0,kgs,7,,,,""
2024-12-15,Dumbbell Hammer Curl,Biceps,7.5,kgs,12,,,,""
2024-12-15,Dumbbell Hammer Curl,Biceps,10.0,kgs,8,,,,""
2024-12-15,Dumbbell Hammer Curl,Biceps,12.0,kgs,6,,,,""
2024-12-15,Cable Face Pull,Shoulders,16.0,kgs,12,,,,""
2024-12-15,Cable Face Pull,Shoulders,27.0,kgs,9,,,,""
2024-12-15,Cable Face Pull,Shoulders,27.0,kgs,12,,,,""
2024-12-15,Cable Face Pull,Shoulders,32.0,kgs,7,,,,""
2024-12-15,Barbell Curl,Biceps,20.0,kgs,7,,,,""
2024-12-15,Barbell Curl,Biceps,20.0,kgs,7,,,,""
2024-12-15,Lat Pulldown,Back,45.0,kgs,11,,,,""
2024-12-15,Lat Pulldown,Back,45.0,kgs,10,,,,""
2024-12-15,Lat Pulldown,Back,45.0,kgs,7,,,,""
2024-12-20,Barbell Row,Back,50.0,kgs,9,,,,""
2024-12-20,Barbell Row,Back,60.0,kgs,6,,,,""
2024-12-20,Barbell Row,Back,60.0,kgs,6,,,,""
2024-12-20,Smith machine flat bench,Chest,25.0,kgs,12,,,,""
2024-12-20,Smith machine flat bench,Chest,47.3,kgs,10,,,,""
2024-12-20,Smith machine flat bench,Chest,45.0,kgs,10,,,,""
2024-12-20,Smith machine flat bench,Chest,47.5,kgs,8,,,,""
2024-12-20,romani seated row,Back,75.0,kgs,12,,,,""
2024-12-20,romani seated row,Back,100.0,kgs,8,,,,""
2024-12-20,vbar ashlyns,Triceps,27.2,kgs,12,,,,""
2024-12-20,vbar ashlyns,Triceps,39.0,kgs,6,,,,""
2024-12-20,james grip lat pulldown,Back,25.0,kgs,12,,,,""
2024-12-20,james grip lat pulldown,Back,45.7,kgs,10,,,,""
2024-12-20,james grip lat pulldown,Back,45.0,kgs,10,,,,""
2025-01-06,Seated Machine Fly,Chest,52.0,kgs,8,,,,""
2025-01-06,Seated Machine Fly,Chest,52.0,kgs,9,,,,""
2025-01-06,Seated Machine Fly,Chest,52.0,kgs,7,,,,""
2025-01-06,Cable Overhead Triceps Extension,Triceps,10.0,kgs,12,,,,"probably a bit heavy for warm up"
2025-01-06,Cable Overhead Triceps Extension,Triceps,15.0,kgs,7,,,,""
2025-01-06,Cable Overhead Triceps Extension,Triceps,15.0,kgs,5,,,,""
2025-01-06,Seated Dumbbell Press,Shoulders,8.0,kgs,8,,,,""
2025-01-06,Seated Dumbbell Press,Shoulders,8.0,kgs,12,,,,""
2025-01-06,Seated Dumbbell Press,Shoulders,12.0,kgs,7,,,,""
2025-01-06,Seated Dumbbell Press,Shoulders,12.0,kgs,6,,,,""
2025-01-06,Lateral Machine Raise,Shoulders,3.4,kgs,10,,,,""
2025-01-06,Lateral Machine Raise,Shoulders,3.4,kgs,9,,,,""
2025-01-06,Lateral Machine Raise,Shoulders,3.4,kgs,7,,,,""
2025-01-06,Plate Loaded Chest Press,Chest,40.0,kgs,5,,,,""
2025-01-06,Plate Loaded Chest Press,Chest,40.0,kgs,3,,,,""
2025-01-06,Plate Loaded Chest Press,Chest,20.0,kgs,9,,,,""
2025-01-07,Barbell Row,Back,20.0,kgs,12,,,,""
2025-01-07,Barbell Row,Back,50.0,kgs,8,,,,""
2025-01-07,Barbell Row,Back,50.0,kgs,6,,,,""
2025-01-07,Barbell Row,Back,40.0,kgs,10,,,,""
2025-01-07,Dumbbell Hammer Curl,Biceps,6.0,kgs,12,,,,""
2025-01-07,Dumbbell Hammer Curl,Biceps,10.0,kgs,4,,,,""
2025-01-07,Dumbbell Hammer Curl,Biceps,10.0,kgs,6,,,,""
2025-01-07,Seated Cable Row,Back,45.0,kgs,7,,,,""
2025-01-07,Seated Cable Row,Back,45.0,kgs,7,,,,""
2025-01-07,cable rear delt,Shoulders,5.0,kgs,10,,,,""
2025-01-07,cable rear delt,Shoulders,5.0,kgs,6,,,,""
2025-01-07,Lat Pulldown,Back,45.0,kgs,10,,,,""
2025-01-07,Lat Pulldown,Back,45.0,kgs,7,,,,""
2025-01-07,Lat Pulldown,Back,45.0,kgs,6,,,,""
2025-01-07,EZ-Bar Preacher Curl,Biceps,12.5,kgs,10,,,,"fatigue not failure"
2025-01-07,EZ-Bar Preacher Curl,Biceps,12.5,kgs,9,,,,""
2025-01-07,EZ-Bar Preacher Curl,Biceps,12.5,kgs,7,,,,""
2025-01-07,cable rear delt,Shoulders,5.0,kgs,6,,,,""
2025-01-10,Leg Press,Legs,45.0,kgs,12,,,,""
2025-01-10,Leg Press,Legs,45.0,kgs,12,,,,""
2025-01-10,Leg Press,Legs,45.0,kgs,10,,,,""
2025-01-10,hip abduction,Legs,18.0,kgs,12,,,,""
2025-01-10,hip abduction,Legs,25.0,kgs,12,,,,""
2025-01-10,hip abduction,Legs,25.0,kgs,12,,,,""
2025-01-10,hip adduction,Legs,18.0,kgs,12,,,,""
2025-01-10,hip adduction,Legs,18.0,kgs,12,,,,""
2025-01-10,hip adduction,Legs,18.0,kgs,12,,,,""
2025-01-10,Calf Press,Legs,32.0,kgs,12,,,,""
2025-01-10,Calf Press,Legs,59.0,kgs,12,,,,""
2025-01-10,Calf Press,Legs,39.0,kgs,12,,,,""
2025-01-10,Lying Leg Curl Machine,Legs,23.0,kgs,10,,,,""
2025-01-10,Lying Leg Curl Machine,Legs,23.0,kgs,12,,,,""
2025-01-11,Flat Dumbbell Bench Press,Chest,6.0,kgs,12,,,,""
2025-01-11,Flat Dumbbell Bench Press,Chest,16.0,kgs,8,,,,""
2025-01-11,Flat Dumbbell Bench Press,Chest,16.0,kgs,11,,,,""
2025-01-11,Flat Dumbbell Bench Press,Chest,16.0,kgs,7,,,,""
2025-01-11,Cable Overhead Triceps Extension,Triceps,10.0,kgs,9,,,,"still a bit heavy for warmup lol"
2025-01-11,Cable Overhead Triceps Extension,Triceps,10.0,kgs,8,,,,""
2025-01-11,Plate Loaded Chest Press,Chest,40.0,kgs,10,,,,""
2025-01-11,Plate Loaded Chest Press,Chest,40.0,kgs,8,,,,""
2025-01-11,Plate Loaded Chest Press,Chest,40.0,kgs,6,,,,""
2025-01-11,Seated Machine Fly,Chest,52.0,kgs,5,,,,""
2025-01-11,Seated Machine Fly,Chest,52.0,kgs,6,,,,""
2025-01-11,V-Bar Push Down,Triceps,17.0,kgs,12,,,,""
2025-01-11,V-Bar Push Down,Triceps,24.0,kgs,6,,,,""
2025-01-11,V-Bar Push Down,Triceps,23.0,kgs,6,,,,""
2025-01-11,V-Bar Push Down,Triceps,19.0,kgs,7,,,,""
2025-01-11,Seated Machine Fly,Chest,52.0,kgs,5,,,,""
2025-01-12,Barbell Row,Back,20.0,kgs,12,,,,""
2025-01-12,Barbell Row,Back,50.0,kgs,7,,,,""
2025-01-12,Barbell Row,Back,50.0,kgs,8,,,,""
2025-01-12,Barbell Row,Back,50.0,kgs,7,,,,""
2025-01-12,Lat Pulldown,Back,28.0,kgs,12,,,,""
2025-01-12,Lat Pulldown,Back,52.0,kgs,10,,,,""
2025-01-12,Lat Pulldown,Back,52.0,kgs,8,,,,"forearms gave out :("
2025-01-12,Lat Pulldown,Back,52.0,kgs,8,,,,""
2025-01-12,Rear Delt Machine Fly,Shoulders,25.0,kgs,12,,,,""
2025-01-12,Rear Delt Machine Fly,Shoulders,39.0,kgs,6,,,,"rough one"
2025-01-12,Rear Delt Machine Fly,Shoulders,32.0,kgs,11,,,,""
2025-01-12,Rear Delt Machine Fly,Shoulders,32.0,kgs,9,,,,""
2025-01-12,Seated Cable Row,Back,45.0,kgs,7,,,,""
2025-01-12,Seated Cable Row,Back,45.0,kgs,10,,,,""
2025-01-12,Seated Cable Row,Back,45.0,kgs,8,,,,""
2025-01-12,Pull Up,Back,41.0,kgs,5,,,,""
2025-01-12,Pull Up,Back,41.0,kgs,5,,,,""
2025-01-18,Seated Dumbbell Press,Shoulders,6.0,kgs,12,,,,""
2025-01-18,Seated Dumbbell Press,Shoulders,16.0,kgs,7,,,,""
2025-01-18,Seated Dumbbell Press,Shoulders,18.0,kgs,5,,,,""
2025-01-18,EZ-Bar Preacher Curl,Biceps,7.5,kgs,12,,,,""
2025-01-18,EZ-Bar Preacher Curl,Biceps,17.5,kgs,12,,,,""
2025-01-18,EZ-Bar Preacher Curl,Biceps,22.5,kgs,7,,,,""
2025-01-18,EZ-Bar Preacher Curl,Biceps,22.5,kgs,6,,,,""
2025-01-18,Lateral Machine Raise,Shoulders,3.4,kgs,9,,,,""
2025-01-18,Lateral Machine Raise,Shoulders,3.4,kgs,9,,,,""
2025-01-18,Lateral Machine Raise,Shoulders,3.4,kgs,9,,,,""
2025-01-18,Dumbbell Hammer Curl,Biceps,10.0,kgs,11,,,,""
2025-01-18,Dumbbell Hammer Curl,Biceps,14.0,kgs,4,,,,""
2025-01-18,Dumbbell Hammer Curl,Biceps,12.0,kgs,5,,,,""
2025-01-22,Seated Machine Fly,Chest,32.0,kgs,12,,,,""
2025-01-22,Seated Machine Fly,Chest,59.0,kgs,6,,,,""
2025-01-22,Seated Machine Fly,Chest,59.0,kgs,10,,,,""
2025-01-22,Seated Machine Fly,Chest,59.0,kgs,5,,,,""
2025-01-22,V-Bar Push Down,Triceps,32.0,kgs,12,,,,""
2025-01-22,V-Bar Push Down,Triceps,41.0,kgs,12,,,,""
2025-01-22,Flat Dumbbell Bench Press,Chest,16.0,kgs,7,,,,""
2025-01-22,Flat Dumbbell Bench Press,Chest,16.0,kgs,8,,,,""
2025-01-22,Flat Dumbbell Bench Press,Chest,16.0,kgs,6,,,,""
2025-01-22,Cable Overhead Triceps Extension,Triceps,15.0,kgs,5,,,,""
2025-01-22,Cable Overhead Triceps Extension,Triceps,15.0,kgs,4,,,,""
2025-01-22,Cable Overhead Triceps Extension,Triceps,12.5,kgs,3,,,,""
2025-01-29,climbing(B),Back,0.0,kgs,1,,,,""
2025-01-29,climbing (F),Forearm,0.0,kgs,1,,,,""
2025-01-29,climbing(S),Shoulders,0.0,kgs,1,,,,""
2025-01-31,Flat Barbell Bench Press,Chest,25.0,kgs,12,,,,""
2025-01-31,Flat Barbell Bench Press,Chest,50.0,kgs,6,,,,""
2025-01-31,Flat Barbell Bench Press,Chest,50.0,kgs,5,,,,""
2025-01-31,Flat Barbell Bench Press,Chest,50.0,kgs,4,,,,""
2025-01-31,V-Bar Push Down,Triceps,23.0,kgs,12,,,,""
2025-01-31,V-Bar Push Down,Triceps,50.0,kgs,6,,,,""
2025-01-31,V-Bar Push Down,Triceps,50.0,kgs,5,,,,""
2025-01-31,V-Bar Push Down,Triceps,50.0,kgs,5,,,,""
2025-01-31,Seated Machine Fly,Chest,79.0,kgs,5,,,,""
2025-01-31,Seated Machine Fly,Chest,73.0,kgs,4,,,,""
2025-01-31,Seated Machine Fly,Chest,66.0,kgs,4,,,,""
2025-02-01,Barbell Row,Back,20.0,kgs,12,,,,""
2025-02-01,Barbell Row,Back,50.0,kgs,6,,,,""
2025-02-01,Barbell Row,Back,50.0,kgs,7,,,,""
2025-02-01,Barbell Row,Back,50.0,kgs,5,,,,""
2025-02-01,EZ-Bar Preacher Curl,Biceps,22.5,kgs,5,,,,""
2025-02-01,EZ-Bar Preacher Curl,Biceps,22.5,kgs,7,,,,""
2025-02-01,EZ-Bar Preacher Curl,Biceps,22.5,kgs,5,,,,""
2025-02-01,Lat Pulldown,Back,52.0,kgs,4,,,,"lats still fucked from climbing"
2025-02-01,Rear Delt Machine Fly,Shoulders,25.0,kgs,12,,,,""
2025-02-01,Rear Delt Machine Fly,Shoulders,32.0,kgs,5,,,,"too tired"
2025-02-05,climbing(B),Back,1.0,kgs,1,,,,""
2025-02-05,climbing(S),Shoulders,1.0,kgs,1,,,,""
2025-02-12,climbing(B),Back,1.0,kgs,1,,,,""
2025-02-12,climbing(S),Shoulders,1.0,kgs,1,,,,""
2025-02-19,climbing(B),Back,1.0,kgs,1,,,,""
2025-02-19,climbing(S),Shoulders,1.0,kgs,1,,,,""
2025-02-26,climbing(B),Back,1.0,kgs,1,,,,""
2025-02-26,climbing(S),Shoulders,1.0,kgs,1,,,,""
2025-03-05,climbing(B),Back,1.0,kgs,1,,,,""
2025-03-05,climbing(S),Shoulders,1.0,kgs,1,,,,""
2025-03-10,Seated Machine Fly,Chest,25.0,kgs,12,,,,""
2025-03-10,Seated Machine Fly,Chest,45.0,kgs,8,,,,""
2025-03-10,Seated Machine Fly,Chest,45.0,kgs,9,,,,""
2025-03-10,V-Bar Push Down,Triceps,18.0,kgs,12,,,,""
2025-03-10,V-Bar Push Down,Triceps,24.0,kgs,12,,,,""
2025-03-10,V-Bar Push Down,Triceps,24.0,kgs,12,,,,""
2025-03-10,Flat Dumbbell Bench Press,Chest,6.0,kgs,12,,,,""
2025-03-10,Flat Dumbbell Bench Press,Chest,10.0,kgs,10,,,,""
2025-03-10,Flat Dumbbell Bench Press,Chest,10.0,kgs,10,,,,""
2025-03-10,Cable Overhead Triceps Extension,Triceps,7.9,kgs,9,,,,""
2025-03-10,Cable Overhead Triceps Extension,Triceps,7.9,kgs,9,,,,""
2025-03-10,Cable Overhead Triceps Extension,Triceps,7.9,kgs,7,,,,""
2025-03-12,climbing(B),Back,1.0,kgs,1,,,,""
2025-03-12,climbing(S),Shoulders,1.0,kgs,1,,,,""
2025-03-12,Lat Pulldown,Back,23.0,kgs,12,,,,""
2025-03-12,Lat Pulldown,Back,32.0,kgs,12,,,,""
2025-03-12,Lat Pulldown,Back,32.0,kgs,12,,,,""
2025-03-12,Lying Leg Curl Machine,Legs,23.0,kgs,10,,,,""
2025-03-12,Lying Leg Curl Machine,Legs,23.0,kgs,10,,,,""
2025-03-12,Lying Leg Curl Machine,Legs,23.0,kgs,6,,,,""
2025-03-12,Barbell Row,Back,20.0,kgs,12,,,,""
2025-03-12,Barbell Row,Back,35.0,kgs,10,,,,""
2025-03-12,Barbell Row,Back,35.0,kgs,10,,,,""
2025-03-12,Leg Extension Machine,Legs,13.3,kgs,12,,,,""
2025-03-12,Leg Extension Machine,Legs,13.3,kgs,10,,,,""
2025-03-12,Leg Extension Machine,Legs,13.3,kgs,10,,,,""
2025-03-12,Seated Cable Row,Back,32.0,kgs,12,,,,""
2025-03-12,Seated Cable Row,Back,39.0,kgs,12,,,,""
2025-03-12,Seated Cable Row,Back,39.0,kgs,8,,,,""
2025-03-13,shoulder press machine,Shoulders,18.0,kgs,9,,,,""
2025-03-13,shoulder press machine,Shoulders,14.0,kgs,10,,,,""
2025-03-13,shoulder press machine,Shoulders,14.0,kgs,10,,,,""
2025-03-13,Lateral Machine Raise,Shoulders,3.4,kgs,8,,,,""
2025-03-13,Lateral Machine Raise,Shoulders,3.4,kgs,8,,,,""
2025-03-13,Seated Machine Curl,Biceps,18.0,kgs,10,,,,""
2025-03-13,Seated Machine Curl,Biceps,18.0,kgs,10,,,,""
2025-03-13,Seated Machine Curl,Biceps,14.0,kgs,5,,,,""
2025-03-18,Flat Barbell Bench Press,Chest,20.0,kgs,12,,,,""
2025-03-18,Flat Barbell Bench Press,Chest,50.0,kgs,7,,,,""
2025-03-18,Flat Barbell Bench Press,Chest,55.0,kgs,4,,,,""
2025-03-18,Flat Barbell Bench Press,Chest,55.0,kgs,3,,,,""
2025-03-18,Cable Overhead Triceps Extension,Triceps,7.9,kgs,10,,,,""
2025-03-18,Cable Overhead Triceps Extension,Triceps,7.9,kgs,10,,,,""
2025-03-18,Cable Overhead Triceps Extension,Triceps,7.9,kgs,10,,,,""
2025-03-18,Seated Machine Fly,Chest,45.0,kgs,9,,,,""
2025-03-18,Seated Machine Fly,Chest,45.0,kgs,9,,,,""
2025-03-18,Seated Machine Fly,Chest,45.0,kgs,6,,,,""
2025-03-18,V-bar gym group,Triceps,23.8,kgs,8,,,,""
2025-03-18,V-bar gym group,Triceps,23.8,kgs,5,,,,""
2025-03-18,V-bar gym group,Triceps,23.8,kgs,6,,,,""
2025-03-19,Seated Cable Row,Back,32.0,kgs,12,,,,""
2025-03-19,Seated Cable Row,Back,45.0,kgs,8,,,,""
2025-03-19,Seated Cable Row,Back,45.0,kgs,10,,,,"forgot to do 3 :("
2025-03-19,Seated Row,Back,27.0,kgs,10,,,,""
2025-03-19,Seated Row,Back,27.0,kgs,11,,,,""
2025-03-19,Lat Pulldown,Back,23.0,kgs,12,,,,""
2025-03-19,Lat Pulldown,Back,45.0,kgs,6,,,,""
2025-03-19,Lat Pulldown,Back,45.0,kgs,8,,,,""
2025-03-19,Lat Pulldown,Back,45.0,kgs,6,,,,"failure"
2025-03-19,Pull Up,Back,41.0,kgs,7,,,,""
2025-03-19,Pull Up,Back,41.0,kgs,5,,,,""
2025-03-19,Pull Up,Back,41.0,kgs,6,,,,""
2025-03-19,Seated Row,Back,27.0,kgs,10,,,,""
2025-03-20,Lying Leg Curl Machine,Legs,16.0,kgs,12,,,,""
2025-03-20,Lying Leg Curl Machine,Legs,27.0,kgs,6,,,,""
2025-03-20,Lying Leg Curl Machine,Legs,27.0,kgs,6,,,,""
2025-03-20,Lying Leg Curl Machine,Legs,27.0,kgs,5,,,,""
2025-03-20,hip abduction,Legs,18.0,kgs,12,,,,""
2025-03-20,hip abduction,Legs,25.0,kgs,12,,,,""
2025-03-20,hip abduction,Legs,25.0,kgs,12,,,,""
2025-03-20,Standing Calf Raise Machine,Legs,45.0,kgs,10,,,,""
2025-03-20,Standing Calf Raise Machine,Legs,45.0,kgs,8,,,,""
2025-03-20,Standing Calf Raise Machine,Legs,45.0,kgs,9,,,,""
2025-03-20,Leg Extension Machine,Legs,27.3,kgs,8,,,,""
2025-03-20,Leg Extension Machine,Legs,20.3,kgs,8,,,,""
2025-03-26,Flat Barbell Bench Press,Chest,20.0,kgs,12,,,,""
2025-03-26,Flat Barbell Bench Press,Chest,55.0,kgs,4,,,,""
2025-03-26,Flat Barbell Bench Press,Chest,55.0,kgs,3,,,,""
2025-03-26,Flat Barbell Bench Press,Chest,50.0,kgs,5,,,,""
2025-03-26,V-Bar Push Down,Triceps,18.0,kgs,12,,,,""
2025-03-26,V-Bar Push Down,Triceps,36.0,kgs,9,,,,""
2025-03-26,V-Bar Push Down,Triceps,41.0,kgs,8,,,,""
2025-03-26,V-Bar Push Down,Triceps,41.0,kgs,6,,,,""
2025-03-26,Seated Machine Fly,Chest,45.0,kgs,6,,,,""
2025-03-26,Seated Machine Fly,Chest,45.0,kgs,7,,,,""
2025-03-26,Seated Machine Fly,Chest,45.0,kgs,5,,,,""
2025-03-26,Cable Overhead Triceps Extension,Triceps,7.9,kgs,10,,,,""
2025-03-26,Cable Overhead Triceps Extension,Triceps,7.9,kgs,9,,,,""
2025-03-26,Cable Overhead Triceps Extension,Triceps,7.9,kgs,8,,,,""
2025-04-04,EZ-Bar Preacher Curl,Biceps,17.5,kgs,12,,,,""
2025-04-04,EZ-Bar Preacher Curl,Biceps,22.5,kgs,5,,,,""
2025-04-04,EZ-Bar Preacher Curl,Biceps,22.5,kgs,5,,,,""
2025-04-04,V-bar gym group,Triceps,12.0,kgs,12,,,,""
2025-04-04,V-bar gym group,Triceps,23.8,kgs,6,,,,""
2025-04-04,V-bar gym group,Triceps,23.8,kgs,5,,,,""
2025-04-04,Lateral Machine Raise,Shoulders,3.4,kgs,7,,,,""